Date,Open,High,Low,Close,Volume
2020-01-01,1116.16,1134.74,1097.7,1117.11,483930
2020-01-02,1133.75,1150.61,1126.66,1134.3,163947
2020-01-03,1109.12,1125.38,1102.01,1111.4,194320
2020-01-04,1105.98,1114.27,1087.61,1109.23,143097
2020-01-05,1186.81,1193.67,1163.24,1175.92,302296
2020-01-06,1146.59,1159.2,1126.65,1137.13,146264
2020-01-07,1154.09,1170.76,1137.49,1151.02,405806
2020-01-08,1151.21,1164.04,1130.78,1151.95,224339
2020-01-09,1177.39,1182.38,1166.37,1173.03,485345
2020-01-10,1199.2,1207.09,1181.17,1198.67,433952
2020-01-11,1182.2,1198.04,1171.94,1183.55,230591
2020-01-12,1155.41,1171.26,1146.57,1153.07,318182
2020-01-13,1156.86,1165.12,1145.4,1159.93,60973
2020-01-14,1182.7,1188.15,1167.12,1180.91,80399
2020-01-15,1188.81,1197.91,1179.18,1187.35,277712
2020-01-16,1171.2,1177.25,1155.69,1166.98,262840
2020-01-17,1209.01,1227.58,1193.41,1213.52,229233
2020-01-18,1190.19,1197.01,1170.84,1185.14,90649
2020-01-19,1225.2,1248.01,1207.9,1231.9,427939
2020-01-20,1236.34,1259.06,1216.92,1240.6,232796
2020-01-21,1204.99,1230.09,1193.27,1208.83,261505
2020-01-22,1215.26,1244.26,1203.21,1223.13,231584
2020-01-23,1204.89,1214.32,1184.48,1197.59,273807
2020-01-24,1223.92,1236.51,1209.32,1231.08,341758
2020-01-25,1209.23,1224.78,1202.56,1214.33,393792
2020-01-26,1215.39,1232.31,1196.2,1206.3,297254
2020-01-27,1217.19,1227.28,1209.39,1221.37,124687
2020-01-28,1218.49,1230.89,1207.03,1219.86,443639
2020-01-29,1216.05,1233.48,1194.62,1223.48,178083
2020-01-30,1252.19,1261.04,1230.82,1245.96,57323
2020-01-31,1223.89,1240.88,1205.51,1217.7,67568
2020-02-01,1266.34,1283.09,1245.72,1260.75,398299
2020-02-02,1213.8,1227.75,1193.72,1209.89,224131
2020-02-03,1260.25,1281.36,1246.99,1259.7,60196
2020-02-04,1211.92,1222.37,1199.48,1215.75,415148
2020-02-05,1226.93,1240.47,1209.97,1232.95,186930
2020-02-06,1234.25,1245.82,1218.83,1224.78,490079
2020-02-07,1232.82,1249.07,1213.0,1227.18,445848
2020-02-08,1241.11,1261.47,1226.64,1246.29,71675
2020-02-09,1258.14,1264.48,1239.48,1257.84,360686
2020-02-10,1250.16,1274.23,1227.96,1252.41,321447
2020-02-11,1217.06,1235.49,1198.63,1225.35,127398
2020-02-12,1236.3,1247.46,1221.33,1234.98,204379
2020-02-13,1215.45,1234.0,1207.71,1218.49,270853
2020-02-14,1207.79,1235.67,1193.01,1214.73,115751
2020-02-15,1201.18,1228.03,1182.35,1211.94,374856
2020-02-16,1212.22,1244.96,1191.55,1223.71,174783
2020-02-17,1232.43,1243.37,1213.26,1235.18,471804
2020-02-18,1198.28,1214.08,1190.32,1198.9,410758
2020-02-19,1223.9,1249.56,1206.8,1230.36,335444
2020-02-20,1261.77,1275.8,1236.34,1256.86,103895
2020-02-21,1250.12,1261.96,1233.21,1250.62,61103
2020-02-22,1226.69,1248.51,1205.84,1222.46,115663
2020-02-23,1208.18,1216.74,1194.89,1209.51,274865
2020-02-24,1235.69,1253.67,1219.73,1241.56,401566
2020-02-25,1196.75,1216.17,1186.22,1195.93,118832
2020-02-26,1245.23,1275.58,1238.7,1254.74,368315
2020-02-27,1237.92,1259.86,1214.69,1233.92,71500
2020-02-28,1262.76,1290.72,1241.04,1269.9,169523
2020-02-29,1218.64,1224.39,1192.58,1211.96,319329
2020-03-01,1255.9,1279.87,1245.01,1258.46,422768
2020-03-02,1251.55,1264.06,1237.02,1243.62,399614
2020-03-03,1233.88,1258.55,1224.1,1242.24,289692
2020-03-04,1222.52,1239.2,1203.21,1227.51,66227
2020-03-05,1266.37,1285.86,1246.83,1263.48,182024
2020-03-06,1276.9,1292.31,1245.76,1268.0,402615
2020-03-07,1302.91,1323.55,1278.67,1290.01,86543
2020-03-08,1280.88,1289.48,1265.55,1280.56,367874
2020-03-09,1271.32,1279.7,1238.52,1257.46,366764
2020-03-10,1252.41,1267.34,1243.29,1254.59,388394
2020-03-11,1260.93,1266.06,1230.75,1252.67,147754
2020-03-12,1297.44,1322.69,1281.49,1304.81,160127
2020-03-13,1274.77,1285.15,1266.34,1271.57,139325
2020-03-14,1295.79,1329.76,1290.15,1314.25,227117
2020-03-15,1294.33,1309.59,1273.17,1303.1,285778
2020-03-16,1308.52,1316.88,1287.86,1304.87,103887
2020-03-17,1289.11,1315.87,1270.18,1299.34,305328
2020-03-18,1324.26,1335.23,1301.1,1320.88,157500
2020-03-19,1322.06,1331.32,1301.91,1314.91,302965
2020-03-20,1310.48,1323.91,1290.59,1314.44,186255
2020-03-21,1330.1,1347.25,1307.32,1337.87,479586
2020-03-22,1325.58,1346.27,1317.08,1329.36,193746
2020-03-23,1316.32,1332.4,1296.98,1324.0,442087
2020-03-24,1352.31,1365.42,1341.08,1353.13,128767
2020-03-25,1348.46,1366.84,1336.18,1347.64,88212
2020-03-26,1360.06,1377.81,1346.76,1362.56,134920
2020-03-27,1365.92,1382.8,1330.57,1352.33,238717
2020-03-28,1339.4,1355.31,1333.63,1345.21,455661
2020-03-29,1411.85,1435.94,1386.06,1400.17,129311
2020-03-30,1393.65,1416.15,1374.81,1402.42,402752
2020-03-31,1397.21,1408.41,1388.86,1396.6,363608
2020-04-01,1390.25,1413.41,1359.62,1380.45,205014
2020-04-02,1396.42,1414.82,1363.17,1387.01,201385
2020-04-03,1416.64,1438.11,1409.17,1420.22,476439
2020-04-04,1400.5,1423.49,1387.28,1395.85,371584
2020-04-05,1399.33,1406.08,1371.19,1395.8,157515
2020-04-06,1437.67,1465.03,1427.94,1442.34,460336
2020-04-07,1419.59,1438.74,1407.14,1414.36,233069
2020-04-08,1465.15,1478.39,1423.85,1448.96,85863
2020-04-09,1403.6,1414.25,1376.54,1399.63,416086
2020-04-10,1440.38,1448.26,1416.58,1435.5,440926
2020-04-11,1470.96,1496.22,1447.88,1465.05,249298
2020-04-12,1421.43,1442.58,1397.45,1434.0,366767
2020-04-13,1436.04,1447.0,1413.21,1432.08,155581
2020-04-14,1411.03,1439.11,1392.38,1419.69,432661
2020-04-15,1454.9,1480.42,1431.9,1460.07,215840
2020-04-16,1449.86,1458.92,1412.48,1431.3,170287
2020-04-17,1442.57,1467.02,1426.63,1444.77,275324
2020-04-18,1421.19,1443.44,1407.75,1427.53,170251
2020-04-19,1486.33,1509.93,1459.82,1476.13,329289
2020-04-20,1462.5,1478.54,1445.95,1470.86,386456
2020-04-21,1448.32,1458.9,1435.21,1452.22,232522
2020-04-22,1445.21,1463.87,1419.72,1434.45,402550
2020-04-23,1480.94,1489.97,1458.02,1480.56,244086
2020-04-24,1435.77,1465.8,1421.65,1449.35,486593
2020-04-25,1442.2,1448.25,1431.24,1437.51,168774
2020-04-26,1423.5,1448.18,1412.17,1426.9,367131
2020-04-27,1459.3,1483.51,1435.46,1445.94,290906
2020-04-28,1427.31,1455.07,1405.74,1432.52,474589
2020-04-29,1455.67,1481.03,1431.66,1446.55,148755
2020-04-30,1485.14,1509.85,1457.84,1469.48,138537
2020-05-01,1443.14,1465.37,1420.99,1450.55,440386
2020-05-02,1460.96,1476.66,1454.72,1462.65,455494
2020-05-03,1447.67,1471.62,1435.0,1444.3,386315
2020-05-04,1449.8,1482.04,1427.21,1457.29,263697
2020-05-05,1490.62,1516.88,1470.78,1488.2,234625
2020-05-06,1447.86,1471.21,1426.39,1449.82,349957
2020-05-07,1459.74,1471.87,1436.77,1461.89,386252
2020-05-08,1429.34,1453.97,1404.36,1428.92,174189
2020-05-09,1481.25,1506.81,1473.38,1480.61,53148
2020-05-10,1448.4,1467.7,1425.0,1446.98,83100
2020-05-11,1467.36,1496.22,1446.93,1472.65,205020
2020-05-12,1448.2,1470.27,1438.21,1453.04,356768
2020-05-13,1464.57,1490.85,1439.61,1465.61,248135
2020-05-14,1466.57,1474.77,1452.41,1466.97,328270
2020-05-15,1444.78,1471.91,1421.05,1448.59,261409
2020-05-16,1478.06,1485.12,1456.8,1475.2,163246
2020-05-17,1429.19,1457.57,1412.94,1444.93,386929
2020-05-18,1465.3,1480.42,1456.17,1471.75,375552
2020-05-19,1450.88,1468.88,1426.5,1453.32,483263
2020-05-20,1459.6,1477.77,1442.38,1467.13,421558
2020-05-21,1469.31,1494.78,1449.15,1455.09,220998
2020-05-22,1465.66,1483.0,1459.26,1465.5,367134
2020-05-23,1450.16,1474.18,1427.05,1448.62,207769
2020-05-24,1468.8,1484.7,1459.6,1473.07,442774
2020-05-25,1471.98,1478.54,1453.75,1472.12,324731
2020-05-26,1454.3,1486.75,1434.62,1464.98,425584
2020-05-27,1474.54,1496.46,1462.87,1476.04,176564
2020-05-28,1474.01,1499.6,1456.37,1482.35,56714
2020-05-29,1470.64,1495.8,1459.81,1473.09,113607
2020-05-30,1462.04,1508.25,1436.82,1484.85,289114
2020-05-31,1463.92,1491.92,1440.43,1473.89,482693
2020-06-01,1547.65,1574.77,1521.85,1534.18,332169
2020-06-02,1524.3,1545.75,1499.45,1516.74,414288
2020-06-03,1519.84,1540.32,1491.3,1507.9,261161
2020-06-04,1540.27,1554.23,1500.91,1527.56,481324
2020-06-05,1485.3,1491.29,1465.25,1479.33,473430
2020-06-06,1470.48,1485.36,1453.02,1474.49,148024
2020-06-07,1506.33,1538.04,1480.72,1515.77,437976
2020-06-08,1514.82,1535.93,1495.02,1504.46,58014
2020-06-09,1529.51,1542.72,1511.02,1528.92,316667
2020-06-10,1564.79,1584.75,1533.27,1541.72,246767
2020-06-11,1555.77,1569.69,1536.1,1559.19,185592
2020-06-12,1548.24,1560.15,1516.18,1530.13,470124
2020-06-13,1560.09,1588.51,1532.71,1561.55,348045
2020-06-14,1573.22,1588.61,1545.39,1560.71,112246
2020-06-15,1587.96,1599.75,1562.67,1571.95,112667
2020-06-16,1553.44,1579.95,1529.09,1563.04,102733
2020-06-17,1595.99,1615.72,1571.27,1600.65,186816
2020-06-18,1571.49,1603.76,1549.91,1581.29,81028
2020-06-19,1606.46,1646.68,1583.19,1618.4,168887
2020-06-20,1587.15,1606.65,1568.64,1580.83,394258
2020-06-21,1610.11,1631.81,1589.2,1612.02,443159
2020-06-22,1604.38,1618.99,1596.6,1603.87,403666
2020-06-23,1609.96,1629.12,1593.76,1604.6,273224
2020-06-24,1607.72,1639.61,1580.3,1625.84,362919
2020-06-25,1627.63,1634.17,1591.98,1615.16,474768
2020-06-26,1576.98,1605.77,1565.58,1580.29,73981
2020-06-27,1583.26,1599.11,1569.44,1578.21,457054
2020-06-28,1661.7,1679.8,1626.92,1655.54,375479
2020-06-29,1672.78,1681.43,1649.89,1659.13,223877
2020-06-30,1673.23,1700.61,1660.52,1674.29,251882
2020-07-01,1625.22,1656.71,1614.57,1646.2,247344
2020-07-02,1629.04,1644.92,1621.8,1628.49,121052
2020-07-03,1648.63,1674.62,1632.82,1646.65,153643
2020-07-04,1646.88,1674.41,1617.83,1657.16,182806
2020-07-05,1644.56,1672.58,1628.67,1643.11,52616
2020-07-06,1686.9,1702.27,1668.24,1690.56,275516
2020-07-07,1689.37,1726.96,1664.97,1703.09,264439
2020-07-08,1682.64,1712.41,1656.26,1675.89,198343
2020-07-09,1664.19,1689.37,1640.21,1669.84,129392
2020-07-10,1646.19,1672.81,1624.36,1650.21,486387
2020-07-11,1694.96,1715.84,1673.74,1699.68,355325
2020-07-12,1688.94,1713.46,1654.55,1676.51,263633
2020-07-13,1671.28,1699.65,1645.89,1671.69,375201
2020-07-14,1686.56,1709.91,1662.25,1685.76,217467
2020-07-15,1664.37,1697.32,1639.26,1668.78,146987
2020-07-16,1686.52,1707.17,1671.7,1681.85,352924
2020-07-17,1669.16,1689.32,1633.42,1655.75,396776
2020-07-18,1705.3,1719.4,1674.38,1698.7,342745
2020-07-19,1685.92,1709.41,1665.23,1679.0,304878
2020-07-20,1706.59,1734.49,1672.78,1700.4,51097
2020-07-21,1663.74,1699.52,1649.98,1677.63,337037
2020-07-22,1669.87,1690.89,1657.49,1678.7,328313
2020-07-23,1658.47,1679.81,1631.71,1660.51,235602
2020-07-24,1686.1,1718.17,1673.53,1693.48,159696
2020-07-25,1655.14,1694.35,1638.89,1665.78,490599
2020-07-26,1653.29,1682.43,1638.16,1672.07,218855
2020-07-27,1666.42,1689.71,1638.8,1680.0,172415
2020-07-28,1679.16,1698.2,1661.74,1681.75,367857
2020-07-29,1650.12,1660.31,1627.48,1650.8,266885
2020-07-30,1667.41,1705.08,1642.2,1675.38,300823
2020-07-31,1693.26,1710.09,1670.81,1692.46,341738
2020-08-01,1668.29,1691.83,1639.58,1672.65,215894
2020-08-02,1686.18,1698.29,1649.7,1675.22,118535
2020-08-03,1680.19,1699.12,1664.05,1681.82,125334
2020-08-04,1684.18,1714.14,1648.14,1677.18,472841
2020-08-05,1664.34,1682.38,1643.46,1662.31,277466
2020-08-06,1665.36,1686.42,1658.17,1679.49,237652
2020-08-07,1696.51,1709.99,1683.55,1697.43,193714
2020-08-08,1651.53,1693.32,1630.55,1663.87,374736
2020-08-09,1675.12,1706.12,1664.74,1676.21,460817
2020-08-10,1653.02,1671.98,1632.9,1660.45,396026
2020-08-11,1704.73,1726.23,1685.42,1700.83,290455
2020-08-12,1671.45,1693.58,1652.26,1685.02,263955
2020-08-13,1674.2,1694.44,1667.32,1674.06,439683
2020-08-14,1697.68,1707.47,1665.01,1691.87,435346
2020-08-15,1681.41,1707.41,1657.14,1672.3,225581
2020-08-16,1669.89,1706.36,1659.94,1677.59,483928
2020-08-17,1673.24,1683.99,1656.12,1673.06,422346
2020-08-18,1684.4,1702.05,1664.36,1682.54,430803
2020-08-19,1742.39,1751.85,1704.05,1726.36,75441
2020-08-20,1679.49,1709.38,1660.44,1694.56,108505
2020-08-21,1708.84,1726.67,1700.96,1718.23,184153
2020-08-22,1728.7,1742.02,1672.55,1700.09,392571
2020-08-23,1728.02,1761.77,1710.06,1730.85,85179
2020-08-24,1685.66,1712.88,1677.1,1705.0,87293
2020-08-25,1721.2,1754.91,1695.69,1727.23,64242
2020-08-26,1703.21,1740.79,1680.65,1731.98,136366
2020-08-27,1777.46,1797.73,1751.65,1774.89,463488
2020-08-28,1759.73,1777.91,1733.75,1751.22,374543
2020-08-29,1726.17,1765.25,1709.35,1735.67,372590
2020-08-30,1757.29,1774.23,1737.07,1762.27,181639
2020-08-31,1801.86,1813.6,1783.49,1791.93,331299
2020-09-01,1715.78,1759.1,1701.73,1733.98,400542
2020-09-02,1738.76,1777.47,1707.75,1752.65,289621
2020-09-03,1765.93,1792.73,1742.49,1768.35,435261
2020-09-04,1762.91,1778.63,1745.51,1770.9,306299
2020-09-05,1774.8,1791.52,1762.18,1777.94,196063
2020-09-06,1753.86,1795.11,1728.55,1767.26,337410
2020-09-07,1820.75,1843.35,1804.51,1818.41,474411
2020-09-08,1774.98,1798.66,1763.85,1776.57,421960
2020-09-09,1808.67,1823.4,1791.62,1802.73,274309
2020-09-10,1831.44,1845.44,1803.25,1829.24,318599
2020-09-11,1818.94,1850.32,1793.07,1816.68,489183
2020-09-12,1790.51,1831.81,1781.6,1806.18,386861
2020-09-13,1810.67,1821.13,1795.21,1805.33,276127
2020-09-14,1825.75,1860.71,1802.24,1829.38,176440
2020-09-15,1823.83,1847.84,1801.95,1825.65,457643
2020-09-16,1858.43,1874.54,1821.69,1846.82,489542
2020-09-17,1816.8,1842.12,1805.0,1824.67,81830
2020-09-18,1881.7,1908.33,1840.11,1866.56,64353
2020-09-19,1875.48,1892.86,1827.56,1859.37,101794
2020-09-20,1873.37,1896.05,1841.8,1864.95,223959
2020-09-21,1879.0,1916.48,1866.32,1890.12,121944
2020-09-22,1838.07,1875.05,1813.23,1862.5,446922
2020-09-23,1873.45,1905.71,1845.02,1861.4,461396
2020-09-24,1869.17,1885.97,1859.17,1867.93,131235
2020-09-25,1868.81,1895.74,1853.43,1877.21,423081
2020-09-26,1895.26,1921.37,1850.62,1882.01,113602
2020-09-27,1862.77,1895.9,1844.6,1872.45,404297
2020-09-28,1850.34,1873.91,1820.54,1855.06,214443
2020-09-29,1887.98,1912.7,1861.12,1882.05,68129
2020-09-30,1887.03,1931.33,1865.82,1899.72,242687
2020-10-01,1896.7,1926.81,1888.98,1897.95,420242
2020-10-02,1930.11,1960.1,1892.81,1917.58,470027
2020-10-03,1934.28,1949.02,1921.19,1931.84,104505
2020-10-04,1927.42,1946.44,1892.62,1913.1,426253
2020-10-05,1937.82,1960.59,1910.01,1924.73,181961
2020-10-06,1915.44,1924.29,1897.17,1915.35,258840
2020-10-07,1904.91,1960.54,1882.96,1931.99,98953
2020-10-08,1922.15,1951.5,1914.08,1934.99,487838
2020-10-09,1929.15,1944.5,1905.02,1920.35,405613
2020-10-10,1898.75,1931.2,1864.85,1916.57,339025
2020-10-11,1897.74,1916.61,1888.62,1901.46,377173
2020-10-12,1908.18,1924.84,1888.18,1904.31,443146
2020-10-13,1916.07,1939.96,1883.18,1899.32,114541
2020-10-14,1908.73,1938.65,1890.96,1915.34,160725
2020-10-15,1885.34,1906.99,1859.72,1892.64,66803
2020-10-16,1900.72,1914.42,1886.53,1901.32,270033
2020-10-17,1868.65,1897.74,1845.25,1864.72,272360
2020-10-18,1931.18,1943.21,1906.02,1932.97,63372
2020-10-19,1912.01,1933.39,1883.88,1900.05,347700
2020-10-20,1902.0,1932.73,1869.12,1911.16,53996
2020-10-21,1929.17,1952.39,1893.63,1927.78,406788
2020-10-22,1913.26,1944.64,1897.33,1908.16,367453
2020-10-23,1922.65,1951.82,1905.71,1927.28,416806
2020-10-24,1891.61,1924.96,1869.12,1882.13,103232
2020-10-25,1945.08,1976.59,1930.49,1943.34,441668
2020-10-26,1930.61,1944.13,1900.62,1921.51,296513
2020-10-27,1909.3,1923.38,1884.39,1907.08,438502
2020-10-28,1932.31,1949.36,1908.75,1927.95,363203
2020-10-29,1877.83,1902.85,1863.15,1884.98,345376
2020-10-30,1893.34,1922.85,1878.38,1900.53,64505
2020-10-31,1944.77,1958.88,1896.05,1930.59,361393
2020-11-01,1883.24,1896.63,1844.32,1876.09,251933
2020-11-02,1906.42,1936.11,1896.77,1918.19,432155
2020-11-03,1921.32,1947.08,1893.92,1919.24,357868
2020-11-04,1917.41,1971.63,1897.48,1945.11,83459
2020-11-05,1880.88,1920.73,1855.22,1887.38,450378
2020-11-06,1954.39,1967.74,1919.17,1943.18,78307
2020-11-07,1907.7,1927.27,1876.32,1909.13,184653
2020-11-08,1914.98,1948.51,1904.18,1913.63,147565
2020-11-09,1868.99,1929.44,1852.37,1903.44,488397
2020-11-10,1904.26,1932.21,1870.37,1908.75,118938
2020-11-11,1941.02,1963.44,1924.39,1937.08,430043
2020-11-12,1920.46,1930.17,1904.04,1915.11,149975
2020-11-13,1961.2,1993.58,1922.24,1949.94,342785
2020-11-14,1927.85,1954.91,1899.15,1930.28,90655
2020-11-15,1923.24,1948.26,1897.45,1925.15,226366
2020-11-16,1925.46,1963.4,1896.83,1940.97,330396
2020-11-17,1957.58,1978.58,1930.74,1959.99,369999
2020-11-18,1939.54,1969.12,1928.09,1954.33,442623
2020-11-19,1942.61,1993.02,1918.3,1964.39,417286
2020-11-20,1967.59,2002.53,1938.32,1980.48,283395
2020-11-21,2010.11,2019.11,1959.97,1992.08,186484
2020-11-22,1970.71,1992.84,1956.03,1973.92,167561
2020-11-23,1969.52,2003.0,1955.54,1966.92,496773
2020-11-24,1985.04,2009.56,1955.39,1991.17,323737
2020-11-25,1981.79,2022.91,1966.74,2003.31,458878
2020-11-26,1987.53,2012.85,1967.64,1976.43,245186
2020-11-27,1965.67,2021.95,1935.1,1991.63,268475
2020-11-28,1993.49,2026.87,1971.39,2000.15,421590
2020-11-29,2013.73,2046.42,1996.47,2014.39,375273
2020-11-30,2013.53,2024.8,2002.38,2010.75,140350
2020-12-01,2032.14,2075.62,2023.01,2041.04,285804
2020-12-02,1985.64,2041.22,1955.66,2007.78,146051
2020-12-03,2004.06,2036.43,1982.3,2013.74,392418
2020-12-04,2030.96,2066.13,2018.58,2040.13,63470
2020-12-05,2038.66,2062.45,2020.27,2048.16,422141
2020-12-06,2043.76,2064.76,2019.11,2031.94,468074
2020-12-07,2036.4,2065.36,2025.03,2051.33,60450
2020-12-08,2063.53,2072.42,2043.6,2059.81,333675
2020-12-09,2066.77,2103.42,2040.67,2064.81,85609
2020-12-10,2090.67,2106.61,2064.26,2078.69,212078
2020-12-11,2067.92,2095.03,2049.69,2069.57,201410
2020-12-12,2119.89,2137.29,2087.32,2109.88,283864
2020-12-13,2095.27,2116.71,2074.56,2097.43,462926
2020-12-14,2085.07,2105.02,2067.59,2079.65,257718
2020-12-15,2079.65,2116.82,2070.2,2098.58,229223
2020-12-16,2069.35,2129.81,2060.05,2102.64,91750
2020-12-17,2129.12,2166.28,2105.4,2124.31,449380
2020-12-18,2102.37,2123.4,2067.46,2096.95,191615
2020-12-19,2128.89,2166.41,2110.44,2122.83,258095
2020-12-20,2106.67,2141.54,2075.04,2113.33,91535
2020-12-21,2159.27,2186.27,2110.14,2140.15,179983
2020-12-22,2133.11,2154.67,2124.46,2139.01,299007
2020-12-23,2128.01,2138.4,2113.37,2122.65,455290
2020-12-24,2124.29,2158.13,2102.49,2116.74,198002
2020-12-25,2153.23,2179.15,2121.05,2131.25,302301
2020-12-26,2117.06,2141.89,2092.85,2121.1,444039
2020-12-27,2145.11,2186.64,2135.34,2153.55,212217
2020-12-28,2108.52,2145.4,2076.39,2127.64,182672
2020-12-29,2140.08,2172.12,2097.22,2120.33,69983
2020-12-30,2125.44,2143.7,2090.0,2120.08,458581
2020-12-31,2113.66,2149.36,2077.34,2107.93,99919
2021-01-01,2177.99,2194.87,2114.29,2138.01,146938
2021-01-02,2119.24,2131.79,2079.25,2115.11,112689
2021-01-03,2130.66,2177.02,2092.6,2147.44,368380
2021-01-04,2104.81,2120.52,2085.8,2107.28,214176
2021-01-05,2118.6,2167.91,2106.39,2131.06,367237
2021-01-06,2143.0,2176.41,2123.53,2148.1,323299
2021-01-07,2087.36,2107.55,2072.48,2092.41,56789
2021-01-08,2154.62,2177.21,2129.98,2162.24,188415
2021-01-09,2103.19,2156.84,2083.64,2120.92,51837
2021-01-10,2150.52,2177.43,2107.32,2130.17,79487
2021-01-11,2140.98,2176.33,2105.76,2137.15,262851
2021-01-12,2136.63,2151.38,2119.88,2139.52,169163
2021-01-13,2141.43,2177.74,2107.18,2131.74,90101
2021-01-14,2149.84,2174.09,2125.15,2143.78,233906
2021-01-15,2139.24,2167.82,2103.7,2135.71,253357
2021-01-16,2165.49,2185.46,2128.69,2156.63,496521
2021-01-17,2137.7,2148.02,2127.19,2135.99,347696
2021-01-18,2169.19,2206.96,2131.9,2160.51,226844
2021-01-19,2152.75,2191.34,2129.39,2143.06,262983
2021-01-20,2100.22,2119.34,2068.49,2098.17,90137
2021-01-21,2170.24,2210.52,2144.32,2173.11,223993
2021-01-22,2139.98,2153.56,2100.11,2120.51,311501
2021-01-23,2150.19,2169.67,2120.7,2156.38,59440
2021-01-24,2138.0,2148.74,2098.88,2132.99,463838
2021-01-25,2157.2,2177.65,2119.79,2151.86,281786
2021-01-26,2116.39,2134.21,2091.77,2124.16,404013
2021-01-27,2137.74,2168.61,2107.56,2148.15,174018
2021-01-28,2130.98,2148.19,2110.11,2135.51,426298
2021-01-29,2162.24,2199.5,2129.7,2168.64,215082
2021-01-30,2133.23,2185.77,2099.94,2152.06,467704
2021-01-31,2154.75,2192.69,2141.99,2163.21,284968
2021-02-01,2117.52,2131.94,2098.64,2114.15,336444
2021-02-02,2168.65,2200.61,2135.56,2152.31,141707
2021-02-03,2171.3,2187.57,2150.41,2164.1,497715
2021-02-04,2130.87,2196.3,2110.63,2164.63,136687
2021-02-05,2189.29,2215.44,2166.28,2180.9,64976
2021-02-06,2155.44,2182.44,2128.85,2162.69,247924
2021-02-07,2179.84,2191.11,2162.14,2173.93,425677
2021-02-08,2197.23,2231.66,2180.13,2197.41,464530
2021-02-09,2141.44,2180.7,2112.92,2143.92,435654
2021-02-10,2195.55,2226.17,2174.52,2196.9,298877
2021-02-11,2186.04,2224.61,2164.4,2186.34,462515
2021-02-12,2199.31,2236.86,2148.61,2181.71,271413
2021-02-13,2207.64,2222.75,2168.38,2207.9,265176
2021-02-14,2242.7,2274.63,2201.65,2228.19,131337
2021-02-15,2243.02,2262.96,2219.05,2230.44,404490
2021-02-16,2225.08,2249.17,2204.15,2216.21,192242
2021-02-17,2214.76,2252.63,2175.87,2238.75,137786
2021-02-18,2259.27,2299.14,2213.92,2244.23,216295
2021-02-19,2227.68,2265.47,2195.31,2233.82,321408
2021-02-20,2238.87,2256.19,2199.29,2229.3,171501
2021-02-21,2222.87,2256.49,2208.39,2235.92,211390
2021-02-22,2250.19,2288.77,2227.06,2266.3,198551
2021-02-23,2283.88,2316.91,2222.86,2257.11,318278
2021-02-24,2232.89,2283.87,2196.87,2245.78,371333
2021-02-25,2255.93,2275.11,2224.12,2240.53,354002
2021-02-26,2289.82,2314.13,2259.95,2288.19,113522
2021-02-27,2264.6,2298.26,2250.56,2270.32,206180
2021-02-28,2289.61,2312.0,2249.74,2290.23,341822
2021-03-01,2292.51,2336.1,2275.24,2310.55,147307
2021-03-02,2272.44,2285.08,2240.23,2272.63,81262
2021-03-03,2283.67,2313.19,2267.15,2298.6,194759
2021-03-04,2295.61,2323.2,2266.63,2301.07,355424
2021-03-05,2327.57,2366.69,2284.09,2314.72,348780
2021-03-06,2336.92,2357.7,2313.3,2333.37,108402
2021-03-07,2273.83,2311.43,2238.66,2294.23,354593
2021-03-08,2341.85,2375.57,2291.75,2329.95,137493
2021-03-09,2341.21,2381.78,2303.81,2341.31,383592
2021-03-10,2316.67,2348.47,2296.67,2324.23,304936
2021-03-11,2338.65,2348.29,2294.64,2328.22,106941
2021-03-12,2338.15,2372.41,2310.49,2340.5,207581
2021-03-13,2325.61,2364.96,2297.01,2341.99,418332
2021-03-14,2374.51,2406.41,2323.38,2348.48,244716
2021-03-15,2350.15,2368.94,2321.0,2350.4,359666
2021-03-16,2325.39,2335.91,2311.67,2326.53,386720
2021-03-17,2355.76,2382.33,2332.85,2361.5,63727
2021-03-18,2382.84,2415.89,2350.74,2366.09,469163
2021-03-19,2343.63,2373.38,2325.07,2351.04,201019
2021-03-20,2302.49,2340.46,2289.16,2324.03,407032
2021-03-21,2338.68,2372.89,2322.37,2348.24,260020
2021-03-22,2373.03,2407.52,2319.1,2354.29,309633
2021-03-23,2344.12,2357.42,2305.19,2332.48,212277
2021-03-24,2342.59,2378.29,2332.45,2346.18,433950
2021-03-25,2348.12,2379.45,2293.91,2328.93,102837
2021-03-26,2373.66,2395.48,2323.52,2363.06,453252
2021-03-27,2352.0,2397.2,2313.61,2355.77,143305
2021-03-28,2323.04,2363.79,2286.99,2325.36,447422
2021-03-29,2363.51,2383.42,2316.65,2358.85,61052
2021-03-30,2340.12,2362.29,2311.54,2351.85,56197
2021-03-31,2361.35,2380.99,2320.02,2361.28,91884
2021-04-01,2350.14,2366.27,2305.25,2345.79,296541
2021-04-02,2314.98,2365.92,2295.56,2338.65,169835
2021-04-03,2336.24,2378.33,2298.65,2338.89,319053
2021-04-04,2338.29,2380.46,2302.99,2342.55,418986
2021-04-05,2366.18,2385.77,2316.72,2351.67,62217
2021-04-06,2327.61,2377.19,2289.09,2353.65,286986
2021-04-07,2342.46,2358.43,2320.49,2347.84,382677
2021-04-08,2337.1,2371.11,2314.66,2343.88,241024
2021-04-09,2358.63,2370.16,2314.73,2345.13,466272
2021-04-10,2392.68,2434.33,2358.39,2393.3,347973
2021-04-11,2363.7,2401.84,2300.34,2338.49,65539
2021-04-12,2351.78,2368.24,2304.38,2342.47,293679
2021-04-13,2401.81,2440.94,2367.94,2407.73,222779
2021-04-14,2363.57,2391.82,2319.12,2360.18,109181
2021-04-15,2325.86,2366.28,2310.74,2330.81,477681
2021-04-16,2381.43,2406.81,2328.21,2369.21,150180
2021-04-17,2322.31,2356.67,2310.93,2341.02,87514
2021-04-18,2361.31,2403.79,2333.5,2373.04,150135
2021-04-19,2362.33,2374.43,2343.49,2355.89,420366
2021-04-20,2371.23,2400.12,2325.78,2353.92,319978
2021-04-21,2358.85,2407.11,2336.53,2390.43,418987
2021-04-22,2394.81,2427.36,2363.01,2375.22,257730
2021-04-23,2382.58,2421.77,2351.44,2384.59,102641
2021-04-24,2351.43,2391.47,2317.95,2378.31,224413
2021-04-25,2323.9,2389.25,2308.93,2366.52,139896
2021-04-26,2365.55,2421.53,2333.09,2387.46,300487
2021-04-27,2400.64,2416.03,2385.02,2400.92,171241
2021-04-28,2385.57,2414.98,2371.44,2386.51,486552
2021-04-29,2427.55,2460.09,2403.7,2418.36,219741
2021-04-30,2398.49,2428.01,2368.78,2406.43,191387
2021-05-01,2383.99,2437.5,2348.46,2399.95,493023
2021-05-02,2399.08,2431.85,2369.43,2405.04,284087
2021-05-03,2408.21,2438.98,2370.81,2407.72,126718
2021-05-04,2392.48,2406.76,2359.83,2389.17,266166
2021-05-05,2402.17,2424.04,2365.75,2413.6,164612
2021-05-06,2437.0,2448.48,2381.06,2423.89,372489
2021-05-07,2409.36,2458.66,2386.54,2418.38,308165
2021-05-08,2423.63,2476.2,2408.85,2436.35,378630
2021-05-09,2428.5,2473.73,2414.19,2436.43,473061
2021-05-10,2470.39,2487.17,2424.21,2454.56,378081
2021-05-11,2456.29,2486.17,2427.65,2458.25,203255
2021-05-12,2445.29,2492.71,2429.2,2455.52,140683
2021-05-13,2448.91,2481.84,2395.56,2435.38,288216
2021-05-14,2526.15,2540.34,2450.7,2494.08,252091
